dtype,attn_implementation,batch_size,prompt_len,decode_len,prefill_ms,decode_ms,ttft_est_ms,tpot_ms,decode_tokens_per_s,max_memory_mib
bf16,flash_attention_2,1,128,32,16.541801664667826,701.4568003360182,38.4623266751684,21.92052501050057,45.619345317731714,1069.591796875
bf16,flash_attention_2,1,128,128,16.286827623844147,2777.5080856711916,37.986109543150334,21.699281919306184,46.084474302824034,1070.716796875
bf16,flash_attention_2,1,1024,32,20.960082998499274,704.9889287057644,42.990987020554414,22.030904022055136,45.39078373719481,1878.88671875
bf16,flash_attention_2,1,1024,128,21.321548304210108,2832.723036330814,43.45219702554459,22.130648721334484,45.18620364869719,1880.01171875
bf16,flash_attention_2,4,128,32,16.39859836238126,708.8963253190741,38.55160852860233,22.153010166221065,180.562369176321,1416.14453125
bf16,flash_attention_2,4,128,128,16.424012331602473,2852.487434982322,38.70907041740186,22.285058085799392,179.4924646191029,1420.64453125
bf16,flash_attention_2,4,1024,32,57.20123132535567,724.3126263298715,79.83600089816416,22.634769572808484,176.71927196490063,4691.2177734375
bf16,flash_attention_2,4,1024,128,60.242496663704515,2930.985512988021,83.14082098392343,22.898324320218915,174.68527146626417,4685.2041015625
