scenario,control_hz,policy_latency_ms,chunk_size,action_quant_ratio,full_model_calls,generated_actions,executed_actions,mean_abs_error,p95_abs_error,reaction_latency_ms,stall_ratio,mean_state_staleness_ms,p95_state_staleness_ms,control_overhead_ms,blocking_or_empty_queue_ms
sync_chunk_blocking,29.999999999999996,87.65,50,1,7,350,339,0.054389869808300934,0.4666666666666667,0.0,0.058333333333333334,895.5752212389381,1666.6666666666667,1175.313,613.5500000000001
async_naive_queue,29.999999999999996,87.65,50,1,8,400,357,0.09252934636782542,0.7333333333333334,266.6666666666667,0.008333333333333333,1045.9383753501402,1833.3333333333335,1237.719,100.0
async_future_state_queue,29.999999999999996,87.65,50,1,8,400,357,0.07456803663572914,0.6333333333333333,166.66666666666669,0.008333333333333333,945.9383753501401,1733.3333333333335,1237.719,100.0
async_future_state_quantized_q2,29.999999999999996,87.65,50,2,8,400,357,0.07416885054030796,0.6333333333333333,166.66666666666669,0.008333333333333333,945.9383753501401,1733.3333333333335,618.8595,100.0
