{
  "experiment": {
    "suite": "libero_spatial",
    "task_id": 3,
    "task": "pick up the black bowl on the cookie box and place it on the plate",
    "episodes_per_condition": 10,
    "paired_seeds": [
      1000,
      1001,
      1002,
      1003,
      1004,
      1005,
      1006,
      1007,
      1008,
      1009
    ],
    "control_frequency_hz": 10,
    "replan_interval_ticks": 10,
    "delay_ticks": [
      0,
      1,
      2,
      3,
      4
    ],
    "delay_ms": [
      0,
      100,
      200,
      300,
      400
    ],
    "bootstrap_samples": 20000,
    "training_delay_range": "d=0..4"
  },
  "aggregate": {
    "learned_future|d0": {
      "episodes": 10,
      "success_rate": 0.5,
      "mean_steps": 210.7,
      "mean_inference_ms": 368.3619045687525,
      "p95_inference_ms": 438.2618361245841,
      "mean_state_prediction_mse": null,
      "mean_handoff_action_l2": 0.9040718582827745,
      "queue_underflows": 0
    },
    "learned_future|d1": {
      "episodes": 10,
      "success_rate": 0.5,
      "mean_steps": 237.2,
      "mean_inference_ms": 389.2474342871398,
      "p95_inference_ms": 447.5034751929343,
      "mean_state_prediction_mse": 9.470138200629725e-06,
      "mean_handoff_action_l2": 0.8867607830134764,
      "queue_underflows": 0
    },
    "learned_future|d2": {
      "episodes": 10,
      "success_rate": 0.4,
      "mean_steps": 215.4,
      "mean_inference_ms": 382.84170359992635,
      "p95_inference_ms": 431.61926813423634,
      "mean_state_prediction_mse": 2.4018043059614803e-05,
      "mean_handoff_action_l2": 0.8633955280672684,
      "queue_underflows": 0
    },
    "learned_future|d3": {
      "episodes": 10,
      "success_rate": 0.3,
      "mean_steps": 233.2,
      "mean_inference_ms": 387.364952042457,
      "p95_inference_ms": 440.42106725275517,
      "mean_state_prediction_mse": 4.0777533718196706e-05,
      "mean_handoff_action_l2": 0.8938194098378773,
      "queue_underflows": 0
    },
    "learned_future|d4": {
      "episodes": 10,
      "success_rate": 0.3,
      "mean_steps": 235.2,
      "mean_inference_ms": 392.40690706005614,
      "p95_inference_ms": 445.82985285669565,
      "mean_state_prediction_mse": 8.240574357134593e-05,
      "mean_handoff_action_l2": 0.9208081531165927,
      "queue_underflows": 0
    },
    "learned_stale|d0": {
      "episodes": 10,
      "success_rate": 0.5,
      "mean_steps": 210.7,
      "mean_inference_ms": 368.3619045687525,
      "p95_inference_ms": 438.2618361245841,
      "mean_state_prediction_mse": null,
      "mean_handoff_action_l2": 0.9040718582827745,
      "queue_underflows": 0
    },
    "learned_stale|d1": {
      "episodes": 10,
      "success_rate": 0.5,
      "mean_steps": 236.6,
      "mean_inference_ms": 386.00280357342,
      "p95_inference_ms": 432.9443343821913,
      "mean_state_prediction_mse": null,
      "mean_handoff_action_l2": 0.9224679173942821,
      "queue_underflows": 0
    },
    "learned_stale|d2": {
      "episodes": 10,
      "success_rate": 0.5,
      "mean_steps": 215.7,
      "mean_inference_ms": 389.13934277335477,
      "p95_inference_ms": 439.42825687117875,
      "mean_state_prediction_mse": null,
      "mean_handoff_action_l2": 0.914745430791067,
      "queue_underflows": 0
    },
    "learned_stale|d3": {
      "episodes": 10,
      "success_rate": 0.4,
      "mean_steps": 230.8,
      "mean_inference_ms": 387.4560215902782,
      "p95_inference_ms": 445.897829066962,
      "mean_state_prediction_mse": null,
      "mean_handoff_action_l2": 0.9075806667572921,
      "queue_underflows": 0
    },
    "learned_stale|d4": {
      "episodes": 10,
      "success_rate": 0.3,
      "mean_steps": 244.9,
      "mean_inference_ms": 390.8685286998608,
      "p95_inference_ms": 441.78961156867445,
      "mean_state_prediction_mse": null,
      "mean_handoff_action_l2": 0.9379953281071959,
      "queue_underflows": 0
    },
    "stale_policy|d0": {
      "episodes": 10,
      "success_rate": 0.5,
      "mean_steps": 189.2,
      "mean_inference_ms": 369.9806927342277,
      "p95_inference_ms": 451.1897356528789,
      "mean_state_prediction_mse": null,
      "mean_handoff_action_l2": 0.9168746786536994,
      "queue_underflows": 0
    },
    "stale_policy|d1": {
      "episodes": 10,
      "success_rate": 0.3,
      "mean_steps": 226.0,
      "mean_inference_ms": 362.54032471386546,
      "p95_inference_ms": 435.3755357582122,
      "mean_state_prediction_mse": null,
      "mean_handoff_action_l2": 0.9197406212985516,
      "queue_underflows": 0
    },
    "stale_policy|d2": {
      "episodes": 10,
      "success_rate": 0.2,
      "mean_steps": 245.0,
      "mean_inference_ms": 360.90825077451046,
      "p95_inference_ms": 437.20459919422865,
      "mean_state_prediction_mse": null,
      "mean_handoff_action_l2": 1.009334988420459,
      "queue_underflows": 0
    },
    "stale_policy|d3": {
      "episodes": 10,
      "success_rate": 0.1,
      "mean_steps": 264.8,
      "mean_inference_ms": 349.30790250783195,
      "p95_inference_ms": 428.6267000157386,
      "mean_state_prediction_mse": null,
      "mean_handoff_action_l2": 0.9893996284653743,
      "queue_underflows": 0
    },
    "stale_policy|d4": {
      "episodes": 10,
      "success_rate": 0.2,
      "mean_steps": 244.2,
      "mean_inference_ms": 385.60958208080814,
      "p95_inference_ms": 433.8400478847325,
      "mean_state_prediction_mse": null,
      "mean_handoff_action_l2": 0.8853323391190282,
      "queue_underflows": 0
    }
  },
  "paired": {
    "learned_future_vs_same_weight_stale|d1": {
      "success_rate": {
        "pairs": 10,
        "mean_difference": 0.0,
        "ci95": [
          -0.4,
          0.4
        ]
      },
      "steps": {
        "pairs": 10,
        "mean_difference": 0.6,
        "ci95": [
          -49.5,
          45.3
        ]
      },
      "handoff_action_l2": {
        "pairs": 10,
        "mean_difference": -0.03570713438080565,
        "ci95": [
          -0.13435667346380464,
          0.05663854855592538
        ]
      }
    },
    "learned_future_vs_same_weight_stale|d2": {
      "success_rate": {
        "pairs": 10,
        "mean_difference": -0.1,
        "ci95": [
          -0.4,
          0.2
        ]
      },
      "steps": {
        "pairs": 10,
        "mean_difference": -0.3,
        "ci95": [
          -54.6,
          50.4
        ]
      },
      "handoff_action_l2": {
        "pairs": 10,
        "mean_difference": -0.05134990272379838,
        "ci95": [
          -0.13903202053668756,
          0.052698852781093326
        ]
      }
    },
    "learned_future_vs_same_weight_stale|d3": {
      "success_rate": {
        "pairs": 10,
        "mean_difference": -0.1,
        "ci95": [
          -0.4,
          0.2
        ]
      },
      "steps": {
        "pairs": 10,
        "mean_difference": 2.4,
        "ci95": [
          -47.5,
          46.0
        ]
      },
      "handoff_action_l2": {
        "pairs": 10,
        "mean_difference": -0.01376125691941491,
        "ci95": [
          -0.13884883359757558,
          0.10505746841499639
        ]
      }
    },
    "learned_future_vs_same_weight_stale|d4": {
      "success_rate": {
        "pairs": 10,
        "mean_difference": 0.0,
        "ci95": [
          -0.4,
          0.4
        ]
      },
      "steps": {
        "pairs": 10,
        "mean_difference": -9.7,
        "ci95": [
          -76.4,
          57.6
        ]
      },
      "handoff_action_l2": {
        "pairs": 10,
        "mean_difference": -0.017187174990603415,
        "ci95": [
          -0.17366637738905,
          0.1605484611080198
        ]
      }
    },
    "learned_future_vs_stale_policy|d0": {
      "success_rate": {
        "pairs": 10,
        "mean_difference": 0.0,
        "ci95": [
          -0.4,
          0.4
        ]
      },
      "steps": {
        "pairs": 10,
        "mean_difference": 21.5,